,dtype,non_null,missing,missing_pct,n_unique,memory_MB
Std,float64,5116256,135,0.0026385786387318716,1163018,39.03496551513672
Variance,float64,5116256,135,0.0026385786387318716,1230050,39.03496551513672
Protocol Type,int64,5116391,0,0.0,6,39.03496551513672
group_class_name,object,5116391,0,0.0,8,261.4768171310425
Telnet,float64,5116391,0,0.0,11,39.03496551513672
SMTP,float64,5116391,0,0.0,12,39.03496551513672
IRC,float64,5116391,0,0.0,16,39.03496551513672
IGMP,float64,5116391,0,0.0,17,39.03496551513672
cwr_flag_number,float64,5116391,0,0.0,20,39.03496551513672
ece_flag_number,float64,5116391,0,0.0,26,39.03496551513672
SSH,float64,5116391,0,0.0,28,39.03496551513672
DHCP,float64,5116391,0,0.0,48,39.03496551513672
Number,int64,5116391,0,0.0,100,39.03496551513672
ack_count,int64,5116391,0,0.0,101,39.03496551513672
syn_count,int64,5116391,0,0.0,101,39.03496551513672
fin_count,int64,5116391,0,0.0,101,39.03496551513672
rst_count,int64,5116391,0,0.0,101,39.03496551513672
ICMP,float64,5116391,0,0.0,171,39.03496551513672
ARP,float64,5116391,0,0.0,208,39.03496551513672
IPv,float64,5116391,0,0.0,208,39.03496551513672
LLC,float64,5116391,0,0.0,208,39.03496551513672
DNS,float64,5116391,0,0.0,216,39.03496551513672
fin_flag_number,float64,5116391,0,0.0,245,39.03496551513672
HTTP,float64,5116391,0,0.0,293,39.03496551513672
rst_flag_number,float64,5116391,0,0.0,329,39.03496551513672
HTTPS,float64,5116391,0,0.0,336,39.03496551513672
UDP,float64,5116391,0,0.0,384,39.03496551513672
TCP,float64,5116391,0,0.0,408,39.03496551513672
psh_flag_number,float64,5116391,0,0.0,418,39.03496551513672
syn_flag_number,float64,5116391,0,0.0,435,39.03496551513672
ack_flag_number,float64,5116391,0,0.0,532,39.03496551513672
Min,int64,5116391,0,0.0,1449,39.03496551513672
Header_Length,float64,5116391,0,0.0,1960,39.03496551513672
Max,int64,5116391,0,0.0,8023,39.03496551513672
Time_To_Live,float64,5116391,0,0.0,10668,39.03496551513672
Tot sum,int64,5116391,0,0.0,66562,39.03496551513672
AVG,float64,5116391,0,0.0,78815,39.03496551513672
Tot size,float64,5116391,0,0.0,78815,39.03496551513672
Rate,float64,5116391,0,0.0,715846,39.03496551513672
IAT,float64,5116391,0,0.0,752217,39.03496551513672
