,count,mean,std,min,1%,5%,25%,50%,75%,95%,99%,max,missing_pct,infinite_pct,n_unique,skew,zero_pct,negative_pct,range
IAT,5116391.0,0.026771434205833188,24.019798303442688,-0.0064664602279663,5.292892456054687e-06,1.672983169555664e-05,3.3991336822509764e-05,0.0001293897628784,0.0049160957336425,0.02377769947052,0.04573941946029655,46665.21228530168,0.0,0.0,752217,1660.607513118747,0.0006645309164213602,1.954502695356942e-05,46665.2187517619
SMTP,5116391.0,2.9415816835112975e-05,0.0021789375568337342,0.0,0.0,0.0,0.0,0.0,0.0,0.0,0.0,0.9,0.0,0.0,12,146.24190129068745,99.93110377998867,0.0,0.9
Telnet,5116391.0,3.0503878547468887e-05,0.0019366949561674567,0.0,0.0,0.0,0.0,0.0,0.0,0.0,0.0,0.6,0.0,0.0,11,102.42897172828549,99.92811339086477,0.0,0.6
cwr_flag_number,5116391.0,0.00010471834541183406,0.0039654873789397825,0.0,0.0,0.0,0.0,0.0,0.0,0.0,0.0,1.0,0.0,0.0,20,76.88108029061834,99.89019603857486,0.0,1.0
IRC,5116391.0,7.312232937107646e-05,0.002892503055425529,0.0,0.0,0.0,0.0,0.0,0.0,0.0,0.0,0.9,0.0,0.0,16,66.3370316327546,99.88003262455899,0.0,0.9
ece_flag_number,5116391.0,0.0001816236288430651,0.0057126472920571505,0.0,0.0,0.0,0.0,0.0,0.0,0.0,0.0,1.0,0.0,0.0,26,56.67922058596373,99.8308182466899,0.0,1.0
IGMP,5116391.0,0.00014194728425086302,0.0038803134156185394,0.0,0.0,0.0,0.0,0.0,0.0,0.0,0.0,0.4,0.0,0.0,17,30.28357841333769,99.83218639857665,0.0,0.4
SSH,5116391.0,0.0016882389465712158,0.02281909188446227,0.0,0.0,0.0,0.0,0.0,0.0,0.0,0.01,1.0,0.0,0.0,28,24.26561547578497,98.92795527159672,0.0,1.0
Variance,5116256.0,213990.2197987436,1126383.89754328,0.0,0.0,0.0,0.0,3.6,13202.463888888891,980270.8638888886,3374984.0,135848458.0,0.0026385786387318716,0.0,1230049,20.381648927636324,47.15941373518951,0.0,135848458.0
DHCP,5116391.0,0.0010499100133345945,0.01395364708724234,0.0,0.0,0.0,0.0,0.0,0.0,0.0,0.0,0.8,0.0,0.0,48,18.586450293922933,99.01041574031383,0.0,0.8
Rate,5116226.0,21308.03136031561,47455.13053046904,2.1429239283671105e-05,23.936948917669575,46.56602148054561,232.67175911287143,8025.60967516033,29886.732221747185,61052.45997088792,243854.88372093023,10485760.0,0.0,0.003224929447338954,715846,16.046683103333248,0.0,0.0,10485759.99997857
Min,5116391.0,98.48361726068238,199.36208664518347,42.0,50.0,60.0,60.0,60.0,66.0,170.0,1500.0,13583.0,0.0,0.0,1449,6.627224232009427,0.0,0.0,13541.0
IPv,5116391.0,0.9860164185169799,0.05064385386109013,0.0,0.8,0.9,1.0,1.0,1.0,1.0,1.0,1.0,0.0,0.0,208,-5.574511353753957,0.00942070299162046,0.0,1.0
LLC,5116391.0,0.9860164185169799,0.05064385386109013,0.0,0.8,0.9,1.0,1.0,1.0,1.0,1.0,1.0,0.0,0.0,208,-5.574511353753957,0.00942070299162046,0.0,1.0
ARP,5116391.0,0.013983581483020443,0.05064385386379062,0.0,0.0,0.0,0.0,0.0,0.0,0.1,0.2,1.0,0.0,0.0,208,5.5745113537539375,86.47276957527288,0.0,1.0
DNS,5116391.0,0.01665364274067625,0.06152962826725456,0.0,0.0,0.0,0.0,0.0,0.0,0.1,0.3,1.0,0.0,0.0,216,4.979703613356013,88.11615453158291,0.0,1.0
Max,5116391.0,654.9833394281243,1300.6062673113845,46.0,60.0,60.0,60.0,98.0,578.0,2962.0,5858.0,37714.0,0.0,0.0,8023,4.61559005504708,0.0,0.0,37668.0
Std,5116256.0,188.98203304294387,422.2274811688468,0.0,0.0,0.0,0.0,1.8973665961010275,114.90197513047782,990.0862911326878,1837.112952433791,11655.404669079491,0.0026385786387318716,0.0,1163017,4.197083804115664,47.15941373518951,0.0,11655.404669079491
Tot sum,5116391.0,8247.3013309577,12512.910024636856,60.0,600.0,692.0,2114.0,6000.0,6036.0,29620.0,59200.0,316492.0,0.0,0.0,66562,4.087527045352848,0.0,0.0,316432.0
fin_count,5116391.0,5.366287095728219,22.150643433047357,0.0,0.0,0.0,0.0,0.0,0.0,98.0,100.0,100.0,0.0,0.0,101,4.015192870409988,86.50916241546042,0.0,100.0
ICMP,5116391.0,0.05685768351732647,0.22229073177740594,0.0,0.0,0.0,0.0,0.0,0.0,0.98,1.0,1.0,0.0,0.0,171,3.946874712412716,89.7013734876791,0.0,1.0
fin_flag_number,5116391.0,0.06103534805413165,0.22256183425359027,0.0,0.0,0.0,0.0,0.0,0.0,0.98,1.0,1.0,0.0,0.0,245,3.872045222956286,86.50916241546042,0.0,1.0
HTTP,5116391.0,0.06067555671645276,0.20831354003890243,0.0,0.0,0.0,0.0,0.0,0.0,0.5,1.0,1.0,0.0,0.0,293,3.809704074668437,86.37226904667763,0.0,1.0
rst_count,5116391.0,6.734708508399769,23.358883403274877,0.0,0.0,0.0,0.0,0.0,0.0,99.0,100.0,100.0,0.0,0.0,101,3.548273887048088,86.40508514693266,0.0,100.0
Protocol Type,5116391.0,8.6577915956775,7.706576452498018,0.0,1.0,1.0,6.0,6.0,6.0,17.0,47.0,47.0,0.0,0.0,6,3.4079363546127994,0.23999338596287892,0.0,47.0
rst_flag_number,5116391.0,0.07805583331655341,0.24498445140294306,0.0,0.0,0.0,0.0,0.0,0.0,0.99,1.0,1.0,0.0,0.0,329,3.2127341540871415,86.40508514693266,0.0,1.0
ack_count,5116391.0,10.822974045572357,24.318363703700285,0.0,0.0,0.0,0.0,2.0,9.0,99.0,100.0,100.0,0.0,0.0,101,3.055640710978619,42.463838279756175,0.0,100.0
AVG,5116391.0,270.8905986506372,441.29739967788703,46.0,60.0,60.0,60.0,63.9,191.2,1322.4,2013.3,13583.0,0.0,0.0,78815,2.963585742888351,0.0,0.0,13537.0
Tot size,5116391.0,270.8905986506372,441.29739967788703,46.0,60.0,60.0,60.0,63.9,191.2,1322.4,2013.3,13583.0,0.0,0.0,78815,2.963585742888351,0.0,0.0,13537.0
psh_flag_number,5116391.0,0.12902751857700082,0.24668574417377967,0.0,0.0,0.0,0.0,0.0,0.2,0.97,1.0,1.0,0.0,0.0,418,2.459649899833073,60.19213543296436,0.0,1.0
Time_To_Live,5116391.0,82.53835129089862,38.124980222924485,0.0,49.3,61.1,64.0,64.0,83.6,175.1,232.0,255.0,0.0,0.0,10668,2.3354151600063595,0.00942070299162046,0.0,255.0
syn_count,5116391.0,15.405133814049787,34.776545198419704,0.0,0.0,0.0,0.0,0.0,1.0,100.0,100.0,100.0,0.0,0.0,101,1.9294439704051924,70.28043791023791,0.0,100.0
syn_flag_number,5116391.0,0.1758338470615069,0.35352672329517915,0.0,0.0,0.0,0.0,0.0,0.1,1.0,1.0,1.0,0.0,0.0,435,1.7510511007149676,70.28043791023791,0.0,1.0
UDP,5116391.0,0.19394403499662774,0.3367489057073518,0.0,0.0,0.0,0.0,0.0,0.2,1.0,1.0,1.0,0.0,0.0,384,1.6218005140746417,58.89299703638756,0.0,1.0
HTTPS,5116391.0,0.2595084339042073,0.3781669974864792,0.0,0.0,0.0,0.0,0.0,0.5,1.0,1.0,1.0,0.0,0.0,336,1.0493663229471994,55.86109427524206,0.0,1.0
TCP,5116391.0,0.7089645295492473,0.3976729705319878,0.0,0.0,0.0,0.4,0.99,1.0,1.0,1.0,1.0,0.0,0.0,408,-0.9731153426727905,16.450462836010775,0.0,1.0
ack_flag_number,5116391.0,0.3849938362610333,0.42071196265536487,0.0,0.0,0.0,0.0,0.12,0.9,1.0,1.0,1.0,0.0,0.0,532,0.4069600653942447,42.463838279756175,0.0,1.0
Number,5116391.0,60.32895687604798,44.67501343658378,1.0,10.0,10.0,10.0,100.0,100.0,100.0,100.0,100.0,0.0,0.0,100,-0.23859498522277098,0.0,0.0,99.0
Header_Length,5116391.0,19.733548735315644,9.427823317439424,0.0,0.0,0.0,16.8,20.0,25.6,32.0,43.2,60.0,0.0,0.0,1960,-0.2102542797634427,5.990980751862006,0.0,60.0
